PROVINCIA;MUNICIPIO;ESTACION;MAGNITUD;PUNTO_MUESTREO;ANO;MES;DIA;H01;V01;H02;V02;H03;V03;H04;V04;H05;V05;H06;V06;H07;V07;H08;V08;H09;V09;H10;V10;H11;V11;H12;V12;H13;V13;H14;V14;H15;V15;H16;V16;H17;V17;H18;V18;H19;V19;H20;V20;H21;V21;H22;V22;H23;V23;H24;V24
28;079;4;1;28079004_1_38;2018;12;16;00012;V;00012;V;00012;V;00011;V;00011;V;00011;V;00011;V;00011;V;00011;V;00011;V;00011;V;00000;N;00000;N;00000;N;00000;N;00000;N;00000;N;00000;N;00000;N;00000;N;00000;N;00000;N;00000;N;00000;N
28;079;4;6;28079004_6_48;2018;12;16;000.3;V;000.3;V;000.3;V;000.3;V;000.3;V;000.3;V;000.2;V;000.2;V;000.3;V;000.3;V;000.4;V;00000;N;00000;N;00000;N;00000;N;00000;N;00000;N;00000;N;00000;N;00000;N;00000;N;00000;N;00000;N;00000;N
28;079;4;7;28079004_7_8;2018;12;16;00007;V;00003;V;00004;V;00004;V;00003;V;00002;V;00002;V;00002;V;00003;V;00005;V;00009;V;00000;N;00000;N;00000;N;00000;N;00000;N;00000;N;00000;N;00000;N;00000;N;00000;N;00000;N;00000;N;00000;N
28;079;4;8;28079004_8_8;2018;12;16;00025;V;00018;V;00017;V;00014;V;00014;V;00012;V;00013;V;00013;V;00018;V;00025;V;00038;V;00000;N;00000;N;00000;N;00000;N;00000;N;00000;N;00000;N;00000;N;00000;N;00000;N;00000;N;00000;N;00000;N
28;079;4;12;28079004_12_8;2018;12;16;00035;V;00023;V;00024;V;00020;V;00019;V;00015;V;00017;V;00016;V;00022;V;00032;V;00052;V;00000;N;00000;N;00000;N;00000;N;00000;N;00000;N;00000;N;00000;N;00000;N;00000;N;00000;N;00000;N;00000;N
28;079;8;1;28079008_1_38;2018;12;16;00007;V;00007;V;00007;V;00006;V;00006;V;00006;V;00006;V;00006;V;00006;V;00006;V;00006;V;00000;N;00000;N;00000;N;00000;N;00000;N;00000;N;00000;N;00000;N;00000;N;00000;N;00000;N;00000;N;00000;N
28;079;8;6;28079008_6_48;2018;12;16;000.3;V;000.3;V;000.3;V;000.3;V;000.3;V;000.2;V;000.3;V;000.2;V;000.2;V;000.2;V;000.3;V;00000;N;00000;N;00000;N;00000;N;00000;N;00000;N;00000;N;00000;N;00000;N;00000;N;00000;N;00000;N;00000;N
28;079;8;7;28079008_7_8;2018;12;16;00013;V;00012;V;00013;V;00010;V;00008;V;00007;V;00007;V;00008;V;00004;V;00008;V;00010;V;00000;N;00000;N;00000;N;00000;N;00000;N;00000;N;00000;N;00000;N;00000;N;00000;N;00000;N;00000;N;00000;N
28;079;8;8;28079008_8_8;2018;12;16;00033;V;00035;V;00036;V;00030;V;00027;V;00025;V;00026;V;00026;V;00021;V;00028;V;00037;V;00000;N;00000;N;00000;N;00000;N;00000;N;00000;N;00000;N;00000;N;00000;N;00000;N;00000;N;00000;N;00000;N
28;079;8;9;28079008_9_47;2018;12;16;00006;V;00003;V;00005;V;00011;V;00007;V;00005;V;00007;V;00007;V;00005;V;00004;V;00012;V;00000;N;00000;N;00000;N;00000;N;00000;N;00000;N;00000;N;00000;N;00000;N;00000;N;00000;N;00000;N;00000;N
28;079;8;10;28079008_10_47;2018;12;16;00014;V;00011;V;00013;V;00017;V;00012;V;00010;V;00014;V;00012;V;00008;V;00007;V;00015;V;00000;N;00000;N;00000;N;00000;N;00000;N;00000;N;00000;N;00000;N;00000;N;00000;N;00000;N;00000;N;00000;N
28;079;8;12;28079008_12_8;2018;12;16;00052;V;00054;V;00055;V;00047;V;00039;V;00036;V;00036;V;00038;V;00027;V;00040;V;00052;V;00000;N;00000;N;00000;N;00000;N;00000;N;00000;N;00000;N;00000;N;00000;N;00000;N;00000;N;00000;N;00000;N
28;079;8;14;28079008_14_6;2018;12;16;44.29;V;43.93;V;41.95;V;42.34;V;45.21;V;42.61;V;43.56;V;46.16;V;46.57;V;34.92;V;27.33;V;00000;N;00000;N;00000;N;00000;N;00000;N;00000;N;00000;N;00000;N;00000;N;00000;N;00000;N;00000;N;00000;N
28;079;8;20;28079008_20_59;2018;12;16;000.8;V;000.8;V;000.6;V;000.5;V;000.5;V;000.5;V;000.5;V;000.4;V;000.4;V;000.5;V;001.3;V;00000;N;00000;N;00000;N;00000;N;00000;N;00000;N;00000;N;00000;N;00000;N;00000;N;00000;N;00000;N;00000;N
28;079;8;30;28079008_30_59;2018;12;16;000.5;V;000.5;V;000.4;V;000.4;V;000.4;V;000.3;V;000.3;V;000.3;V;000.3;V;000.3;V;000.6;V;00000;N;00000;N;00000;N;00000;N;00000;N;00000;N;00000;N;00000;N;00000;N;00000;N;00000;N;00000;N;00000;N
28;079;8;35;28079008_35_59;2018;12;16;000.1;V;000.1;V;000.1;V;000.1;V;000.1;V;000.1;V;000.1;V;000.1;V;000.1;V;000.1;V;000.2;V;00000;N;00000;N;00000;N;00000;N;00000;N;00000;N;00000;N;00000;N;00000;N;00000;N;00000;N;00000;N;00000;N
28;079;8;42;28079008_42_2;2018;12;16;01.58;V;01.57;V;01.58;V;01.57;V;01.57;V;01.58;V;01.57;V;01.56;V;01.56;V;01.60;V;01.64;V;00000;N;00000;N;00000;N;00000;N;00000;N;00000;N;00000;N;00000;N;00000;N;00000;N;00000;N;00000;N;00000;N
28;079;8;43;28079008_43_2;2018;12;16;01.55;V;01.54;V;01.55;V;01.55;V;01.55;V;01.56;V;01.55;V;01.54;V;01.55;V;01.58;V;01.59;V;00000;N;00000;N;00000;N;00000;N;00000;N;00000;N;00000;N;00000;N;00000;N;00000;N;00000;N;00000;N;00000;N
28;079;8;44;28079008_44_2;2018;12;16;00.04;V;00.03;V;00.03;V;00.03;V;00.02;V;00.02;V;00.03;V;00.02;V;00.02;V;00.03;V;00.05;V;00000;N;00000;N;00000;N;00000;N;00000;N;00000;N;00000;N;00000;N;00000;N;00000;N;00000;N;00000;N;00000;N
28;079;11;7;28079011_7_8;2018;12;16;00003;V;00004;V;00002;V;00002;V;00001;V;00001;V;00001;V;00001;V;00002;V;00005;V;00019;V;00000;N;00000;N;00000;N;00000;N;00000;N;00000;N;00000;N;00000;N;00000;N;00000;N;00000;N;00000;N;00000;N
28;079;11;8;28079011_8_8;2018;12;16;00028;V;00024;V;00015;V;00014;V;00017;V;00015;V;00012;V;00015;V;00020;V;00031;V;00049;V;00000;N;00000;N;00000;N;00000;N;00000;N;00000;N;00000;N;00000;N;00000;N;00000;N;00000;N;00000;N;00000;N
28;079;11;12;28079011_12_8;2018;12;16;00033;V;00030;V;00018;V;00017;V;00019;V;00017;V;00014;V;00017;V;00023;V;00039;V;00078;V;00000;N;00000;N;00000;N;00000;N;00000;N;00000;N;00000;N;00000;N;00000;N;00000;N;00000;N;00000;N;00000;N
28;079;11;20;28079011_20_59;2018;12;16;000.8;V;000.6;V;000.5;V;000.5;V;000.5;V;000.5;V;000.7;V;000.6;V;000.4;V;000.6;V;001.0;V;00000;N;00000;N;00000;N;00000;N;00000;N;00000;N;00000;N;00000;N;00000;N;00000;N;00000;N;00000;N;00000;N
28;079;11;30;28079011_30_59;2018;12;16;000.3;V;000.2;V;000.2;V;000.2;V;000.2;V;000.2;V;000.2;V;000.1;V;000.1;V;000.2;V;000.3;V;00000;N;00000;N;00000;N;00000;N;00000;N;00000;N;00000;N;00000;N;00000;N;00000;N;00000;N;00000;N;00000;N
28;079;11;35;28079011_35_59;2018;12;16;000.1;V;000.1;V;000.1;V;000.1;V;000.1;V;000.1;V;000.1;V;000.1;V;000.1;V;000.1;V;000.2;V;00000;N;00000;N;00000;N;00000;N;00000;N;00000;N;00000;N;00000;N;00000;N;00000;N;00000;N;00000;N;00000;N
28;079;16;6;28079016_6_48;2018;12;16;000.3;V;000.3;V;000.3;V;000.2;V;000.2;V;000.2;V;000.2;V;000.3;V;000.3;V;000.3;V;000.3;V;00000;N;00000;N;00000;N;00000;N;00000;N;00000;N;00000;N;00000;N;00000;N;00000;N;00000;N;00000;N;00000;N
28;079;16;7;28079016_7_8;2018;12;16;00001;V;00002;V;00001;V;00001;V;00001;V;00001;V;00001;V;00002;V;00002;V;00003;V;00004;V;00000;N;00000;N;00000;N;00000;N;00000;N;00000;N;00000;N;00000;N;00000;N;00000;N;00000;N;00000;N;00000;N
28;079;16;8;28079016_8_8;2018;12;16;00024;V;00024;V;00019;V;00016;V;00016;V;00013;V;00016;V;00023;V;00023;V;00024;V;00027;V;00000;N;00000;N;00000;N;00000;N;00000;N;00000;N;00000;N;00000;N;00000;N;00000;N;00000;N;00000;N;00000;N
28;079;16;12;28079016_12_8;2018;12;16;00026;V;00027;V;00021;V;00017;V;00017;V;00015;V;00017;V;00027;V;00026;V;00028;V;00034;V;00000;N;00000;N;00000;N;00000;N;00000;N;00000;N;00000;N;00000;N;00000;N;00000;N;00000;N;00000;N;00000;N
28;079;16;14;28079016_14_6;2018;12;16;43.34;V;41.36;V;44.38;V;44.67;V;44.82;V;45.19;V;42.55;V;36.74;V;36.69;V;32.84;V;30.30;V;00000;N;00000;N;00000;N;00000;N;00000;N;00000;N;00000;N;00000;N;00000;N;00000;N;00000;N;00000;N;00000;N
28;079;17;1;28079017_1_38;2018;12;16;00011;V;00011;V;00011;V;00011;V;00011;V;00011;V;00010;V;00010;V;00010;V;00010;V;00011;V;00000;N;00000;N;00000;N;00000;N;00000;N;00000;N;00000;N;00000;N;00000;N;00000;N;00000;N;00000;N;00000;N
28;079;17;7;28079017_7_8;2018;12;16;00001;V;00001;V;00001;V;00003;V;00001;V;00001;V;00001;V;00002;V;00003;V;00004;V;00005;V;00000;N;00000;N;00000;N;00000;N;00000;N;00000;N;00000;N;00000;N;00000;N;00000;N;00000;N;00000;N;00000;N
28;079;17;8;28079017_8_8;2018;12;16;00016;V;00014;V;00014;V;00016;V;00016;V;00013;V;00011;V;00016;V;00019;V;00023;V;00028;V;00000;N;00000;N;00000;N;00000;N;00000;N;00000;N;00000;N;00000;N;00000;N;00000;N;00000;N;00000;N;00000;N
28;079;17;12;28079017_12_8;2018;12;16;00018;V;00016;V;00016;V;00020;V;00018;V;00015;V;00013;V;00019;V;00024;V;00029;V;00035;V;00000;N;00000;N;00000;N;00000;N;00000;N;00000;N;00000;N;00000;N;00000;N;00000;N;00000;N;00000;N;00000;N
28;079;17;14;28079017_14_6;2018;12;16;51.49;V;52.33;V;49.85;V;47.51;V;46.91;V;47.83;V;47.58;V;48.21;V;43.16;V;33.79;V;32.14;V;00000;N;00000;N;00000;N;00000;N;00000;N;00000;N;00000;N;00000;N;00000;N;00000;N;00000;N;00000;N;00000;N
28;079;18;1;28079018_1_38;2018;12;16;00009;V;00008;V;00009;V;00008;V;00008;V;00008;V;00008;V;00008;V;00008;V;00009;V;00009;V;00000;N;00000;N;00000;N;00000;N;00000;N;00000;N;00000;N;00000;N;00000;N;00000;N;00000;N;00000;N;00000;N
28;079;18;6;28079018_6_48;2018;12;16;000.3;V;000.3;V;000.3;V;000.3;V;000.3;V;000.3;V;000.3;V;000.3;V;000.3;V;000.4;V;000.4;V;00000;N;00000;N;00000;N;00000;N;00000;N;00000;N;00000;N;00000;N;00000;N;00000;N;00000;N;00000;N;00000;N
28;079;18;7;28079018_7_8;2018;12;16;00002;V;00001;V;00002;V;00001;V;00001;V;00001;V;00001;V;00001;V;00002;V;00004;V;00011;V;00000;N;00000;N;00000;N;00000;N;00000;N;00000;N;00000;N;00000;N;00000;N;00000;N;00000;N;00000;N;00000;N
28;079;18;8;28079018_8_8;2018;12;16;00016;V;00010;V;00010;V;00007;V;00009;V;00010;V;00007;V;00008;V;00012;V;00024;V;00039;V;00000;N;00000;N;00000;N;00000;N;00000;N;00000;N;00000;N;00000;N;00000;N;00000;N;00000;N;00000;N;00000;N
28;079;18;10;28079018_10_47;2018;12;16;00009;V;00009;V;00009;V;00006;V;00008;V;00008;V;00009;V;00009;V;00007;V;00006;V;00008;V;00000;N;00000;N;00000;N;00000;N;00000;N;00000;N;00000;N;00000;N;00000;N;00000;N;00000;N;00000;N;00000;N
28;079;18;12;28079018_12_8;2018;12;16;00019;V;00012;V;00013;V;00009;V;00011;V;00012;V;00009;V;00010;V;00016;V;00030;V;00056;V;00000;N;00000;N;00000;N;00000;N;00000;N;00000;N;00000;N;00000;N;00000;N;00000;N;00000;N;00000;N;00000;N
28;079;18;14;28079018_14_6;2018;12;16;47.26;V;52.56;V;51.89;V;51.72;V;48.95;V;45.45;V;52.54;V;53.03;V;45.55;V;32.74;V;18.59;V;00000;N;00000;N;00000;N;00000;N;00000;N;00000;N;00000;N;00000;N;00000;N;00000;N;00000;N;00000;N;00000;N
28;079;18;20;28079018_20_59;2018;12;16;000.5;V;000.3;V;000.2;V;000.2;V;000.3;V;000.3;V;000.2;V;000.2;V;000.2;V;000.3;V;000.6;V;00000;N;00000;N;00000;N;00000;N;00000;N;00000;N;00000;N;00000;N;00000;N;00000;N;00000;N;00000;N;00000;N
28;079;18;30;28079018_30_59;2018;12;16;000.2;V;000.1;V;000.1;V;000.1;V;000.1;V;000.1;V;000.1;V;000.1;V;000.1;V;000.1;V;000.2;V;00000;N;00000;N;00000;N;00000;N;00000;N;00000;N;00000;N;00000;N;00000;N;00000;N;00000;N;00000;N;00000;N
28;079;18;35;28079018_35_59;2018;12;16;000.1;V;000.1;V;000.1;V;000.1;V;000.1;V;000.1;V;000.1;V;000.1;V;000.1;V;000.1;V;000.1;V;00000;N;00000;N;00000;N;00000;N;00000;N;00000;N;00000;N;00000;N;00000;N;00000;N;00000;N;00000;N;00000;N
28;079;24;1;28079024_1_38;2018;12;16;00004;V;00004;V;00004;V;00004;V;00004;V;00004;V;00004;V;00004;V;00004;V;00004;V;00004;V;00000;N;00000;N;00000;N;00000;N;00000;N;00000;N;00000;N;00000;N;00000;N;00000;N;00000;N;00000;N;00000;N
28;079;24;6;28079024_6_48;2018;12;16;000.2;V;000.2;V;000.2;V;000.2;V;000.2;V;000.2;V;000.2;V;000.2;V;000.2;V;000.2;V;000.2;V;00000;N;00000;N;00000;N;00000;N;00000;N;00000;N;00000;N;00000;N;00000;N;00000;N;00000;N;00000;N;00000;N
28;079;24;7;28079024_7_8;2018;12;16;00001;V;00001;V;00001;V;00001;V;00001;V;00001;V;00001;V;00001;V;00001;V;00001;V;00001;V;00000;N;00000;N;00000;N;00000;N;00000;N;00000;N;00000;N;00000;N;00000;N;00000;N;00000;N;00000;N;00000;N
28;079;24;8;28079024_8_8;2018;12;16;00007;V;00007;V;00005;V;00004;V;00003;V;00003;V;00003;V;00005;V;00006;V;00008;V;00012;V;00000;N;00000;N;00000;N;00000;N;00000;N;00000;N;00000;N;00000;N;00000;N;00000;N;00000;N;00000;N;00000;N
28;079;24;9;28079024_9_47;2018;12;16;00005;V;00005;V;00006;V;00005;V;00003;V;00006;V;00005;V;00005;V;00005;V;00006;V;00004;V;00000;N;00000;N;00000;N;00000;N;00000;N;00000;N;00000;N;00000;N;00000;N;00000;N;00000;N;00000;N;00000;N
28;079;24;10;28079024_10_47;2018;12;16;00002;V;00003;V;00004;V;00001;V;00001;V;00002;V;00002;V;00001;V;00001;V;00001;V;00001;V;00000;N;00000;N;00000;N;00000;N;00000;N;00000;N;00000;N;00000;N;00000;N;00000;N;00000;N;00000;N;00000;N
28;079;24;12;28079024_12_8;2018;12;16;00009;V;00008;V;00007;V;00006;V;00005;V;00005;V;00004;V;00006;V;00007;V;00010;V;00014;V;00000;N;00000;N;00000;N;00000;N;00000;N;00000;N;00000;N;00000;N;00000;N;00000;N;00000;N;00000;N;00000;N
28;079;24;14;28079024_14_6;2018;12;16;58.78;V;59.03;V;55.72;V;53.82;V;53.26;V;50.89;V;56.45;V;57.37;V;52.47;V;47.02;V;42.47;V;00000;N;00000;N;00000;N;00000;N;00000;N;00000;N;00000;N;00000;N;00000;N;00000;N;00000;N;00000;N;00000;N
28;079;24;20;28079024_20_59;2018;12;16;000.2;V;000.2;V;000.2;V;000.2;V;000.2;V;000.3;V;000.2;V;000.2;V;000.2;V;000.2;V;000.3;V;00000;N;00000;N;00000;N;00000;N;00000;N;00000;N;00000;N;00000;N;00000;N;00000;N;00000;N;00000;N;00000;N
28;079;24;30;28079024_30_59;2018;12;16;000.2;V;000.2;V;000.2;V;000.2;V;000.2;V;000.2;V;000.2;V;000.2;V;000.2;V;000.2;V;000.2;V;00000;N;00000;N;00000;N;00000;N;00000;N;00000;N;00000;N;00000;N;00000;N;00000;N;00000;N;00000;N;00000;N
28;079;24;35;28079024_35_59;2018;12;16;000.1;V;000.1;V;000.1;V;000.1;V;000.1;V;000.1;V;000.1;V;000.1;V;000.1;V;000.1;V;000.1;V;00000;N;00000;N;00000;N;00000;N;00000;N;00000;N;00000;N;00000;N;00000;N;00000;N;00000;N;00000;N;00000;N
28;079;24;42;28079024_42_2;2018;12;16;01.18;V;01.18;V;01.18;V;01.17;V;01.17;V;01.18;V;01.16;V;01.15;V;01.16;V;01.17;V;01.18;V;00000;N;00000;N;00000;N;00000;N;00000;N;00000;N;00000;N;00000;N;00000;N;00000;N;00000;N;00000;N;00000;N
28;079;24;43;28079024_43_2;2018;12;16;01.13;V;01.13;V;01.13;V;01.12;V;01.12;V;01.13;V;01.11;V;01.11;V;01.12;V;01.12;V;01.13;V;00000;N;00000;N;00000;N;00000;N;00000;N;00000;N;00000;N;00000;N;00000;N;00000;N;00000;N;00000;N;00000;N
28;079;24;44;28079024_44_2;2018;12;16;00.05;V;00.05;V;00.05;V;00.05;V;00.05;V;00.05;V;00.04;V;00.04;V;00.05;V;00.05;V;00.05;V;00000;N;00000;N;00000;N;00000;N;00000;N;00000;N;00000;N;00000;N;00000;N;00000;N;00000;N;00000;N;00000;N
28;079;27;7;28079027_7_8;2018;12;16;00001;V;00001;V;00001;V;00001;V;00001;V;00001;V;00001;V;00001;V;00002;V;00003;V;00004;V;00000;N;00000;N;00000;N;00000;N;00000;N;00000;N;00000;N;00000;N;00000;N;00000;N;00000;N;00000;N;00000;N
28;079;27;8;28079027_8_8;2018;12;16;00018;V;00021;V;00016;V;00014;V;00013;V;00014;V;00017;V;00022;V;00023;V;00026;V;00030;V;00000;N;00000;N;00000;N;00000;N;00000;N;00000;N;00000;N;00000;N;00000;N;00000;N;00000;N;00000;N;00000;N
28;079;27;12;28079027_12_8;2018;12;16;00020;V;00022;V;00018;V;00015;V;00015;V;00015;V;00018;V;00024;V;00025;V;00030;V;00037;V;00000;N;00000;N;00000;N;00000;N;00000;N;00000;N;00000;N;00000;N;00000;N;00000;N;00000;N;00000;N;00000;N
28;079;27;14;28079027_14_6;2018;12;16;46.97;V;43.07;V;44.01;V;41.13;V;45.03;V;44.16;V;40.41;V;33.93;V;36.35;V;31.57;V;27.72;V;00000;N;00000;N;00000;N;00000;N;00000;N;00000;N;00000;N;00000;N;00000;N;00000;N;00000;N;00000;N;00000;N
28;079;36;1;28079036_1_38;2018;12;16;00003;V;00003;V;00003;V;00003;V;00003;V;00003;V;00003;V;00003;V;00003;V;00003;V;00003;V;00000;N;00000;N;00000;N;00000;N;00000;N;00000;N;00000;N;00000;N;00000;N;00000;N;00000;N;00000;N;00000;N
28;079;36;6;28079036_6_48;2018;12;16;000.2;V;000.2;V;000.2;V;000.2;V;000.2;V;000.2;V;000.2;V;000.2;V;000.2;V;000.2;V;000.3;V;00000;N;00000;N;00000;N;00000;N;00000;N;00000;N;00000;N;00000;N;00000;N;00000;N;00000;N;00000;N;00000;N
28;079;36;7;28079036_7_8;2018;12;16;00002;V;00002;V;00002;V;00001;V;00001;V;00001;V;00002;V;00002;V;00003;V;00004;V;00004;V;00000;N;00000;N;00000;N;00000;N;00000;N;00000;N;00000;N;00000;N;00000;N;00000;N;00000;N;00000;N;00000;N
28;079;36;8;28079036_8_8;2018;12;16;00019;V;00015;V;00013;V;00011;V;00010;V;00008;V;00012;V;00012;V;00017;V;00020;V;00026;V;00000;N;00000;N;00000;N;00000;N;00000;N;00000;N;00000;N;00000;N;00000;N;00000;N;00000;N;00000;N;00000;N
28;079;36;10;28079036_10_47;2018;12;16;00012;V;00013;V;00011;V;00011;V;00010;V;00010;V;00011;V;00012;V;00010;V;00007;V;00009;V;00000;N;00000;N;00000;N;00000;N;00000;N;00000;N;00000;N;00000;N;00000;N;00000;N;00000;N;00000;N;00000;N
28;079;36;12;28079036_12_8;2018;12;16;00022;V;00018;V;00015;V;00013;V;00013;V;00010;V;00015;V;00016;V;00022;V;00026;V;00032;V;00000;N;00000;N;00000;N;00000;N;00000;N;00000;N;00000;N;00000;N;00000;N;00000;N;00000;N;00000;N;00000;N
28;079;38;1;28079038_1_38;2018;12;16;00009;V;00009;V;00009;V;00009;V;00008;V;00009;V;00009;V;00008;V;00009;V;00009;V;00009;V;00000;N;00000;N;00000;N;00000;N;00000;N;00000;N;00000;N;00000;N;00000;N;00000;N;00000;N;00000;N;00000;N
28;079;38;7;28079038_7_8;2018;12;16;00002;V;00003;V;00001;V;00001;V;00001;V;00001;V;00002;V;00001;V;00002;V;00005;V;00008;V;00000;N;00000;N;00000;N;00000;N;00000;N;00000;N;00000;N;00000;N;00000;N;00000;N;00000;N;00000;N;00000;N
28;079;38;8;28079038_8_8;2018;12;16;00019;V;00018;V;00011;V;00009;V;00010;V;00007;V;00009;V;00012;V;00016;V;00023;V;00033;V;00000;N;00000;N;00000;N;00000;N;00000;N;00000;N;00000;N;00000;N;00000;N;00000;N;00000;N;00000;N;00000;N
28;079;38;9;28079038_9_47;2018;12;16;00003;V;00005;V;00005;V;00005;V;00004;V;00004;V;00006;V;00005;V;00004;V;00007;V;00010;V;00000;N;00000;N;00000;N;00000;N;00000;N;00000;N;00000;N;00000;N;00000;N;00000;N;00000;N;00000;N;00000;N
28;079;38;10;28079038_10_47;2018;12;16;00008;V;00012;V;00011;V;00008;V;00008;V;00009;V;00012;V;00009;V;00007;V;00009;V;00011;V;00000;N;00000;N;00000;N;00000;N;00000;N;00000;N;00000;N;00000;N;00000;N;00000;N;00000;N;00000;N;00000;N
28;079;38;12;28079038_12_8;2018;12;16;00023;V;00022;V;00013;V;00011;V;00011;V;00009;V;00012;V;00014;V;00019;V;00029;V;00045;V;00000;N;00000;N;00000;N;00000;N;00000;N;00000;N;00000;N;00000;N;00000;N;00000;N;00000;N;00000;N;00000;N
28;079;38;20;28079038_20_59;2018;12;16;000.5;V;000.5;V;000.5;V;000.4;V;000.4;V;000.4;V;000.4;V;000.3;V;000.4;V;000.5;V;000.6;V;00000;N;00000;N;00000;N;00000;N;00000;N;00000;N;00000;N;00000;N;00000;N;00000;N;00000;N;00000;N;00000;N
28;079;38;30;28079038_30_59;2018;12;16;000.3;V;000.3;V;000.2;V;000.2;V;000.2;V;000.2;V;000.2;V;000.2;V;000.2;V;000.2;V;000.3;V;00000;N;00000;N;00000;N;00000;N;00000;N;00000;N;00000;N;00000;N;00000;N;00000;N;00000;N;00000;N;00000;N
28;079;38;35;28079038_35_59;2018;12;16;000.2;V;000.1;V;000.1;V;000.1;V;000.1;V;000.1;V;000.1;V;000.1;V;000.1;V;000.1;V;000.2;V;00000;N;00000;N;00000;N;00000;N;00000;N;00000;N;00000;N;00000;N;00000;N;00000;N;00000;N;00000;N;00000;N
28;079;39;6;28079039_6_48;2018;12;16;000.2;V;000.2;V;000.2;V;000.2;V;000.2;V;000.2;V;000.2;V;000.2;V;000.2;V;000.2;V;000.3;V;00000;N;00000;N;00000;N;00000;N;00000;N;00000;N;00000;N;00000;N;00000;N;00000;N;00000;N;00000;N;00000;N
28;079;39;7;28079039_7_8;2018;12;16;00002;V;00002;V;00002;V;00002;V;00002;V;00001;V;00001;V;00001;V;00002;V;00003;V;00005;V;00000;N;00000;N;00000;N;00000;N;00000;N;00000;N;00000;N;00000;N;00000;N;00000;N;00000;N;00000;N;00000;N
28;079;39;8;28079039_8_8;2018;12;16;00018;V;00016;V;00013;V;00013;V;00011;V;00009;V;00008;V;00011;V;00014;V;00021;V;00032;V;00000;N;00000;N;00000;N;00000;N;00000;N;00000;N;00000;N;00000;N;00000;N;00000;N;00000;N;00000;N;00000;N
28;079;39;12;28079039_12_8;2018;12;16;00021;V;00019;V;00015;V;00015;V;00013;V;00011;V;00010;V;00013;V;00017;V;00025;V;00039;V;00000;N;00000;N;00000;N;00000;N;00000;N;00000;N;00000;N;00000;N;00000;N;00000;N;00000;N;00000;N;00000;N
28;079;39;14;28079039_14_6;2018;12;16;52.07;V;54.59;V;55.25;V;51.76;V;52.38;V;54.33;V;55.67;V;54.73;V;50.44;V;41.38;V;31.22;V;00000;N;00000;N;00000;N;00000;N;00000;N;00000;N;00000;N;00000;N;00000;N;00000;N;00000;N;00000;N;00000;N
28;079;40;1;28079040_1_38;2018;12;16;00008;V;00008;V;00008;V;00008;V;00008;V;00007;V;00007;V;00007;V;00007;V;00007;V;00007;V;00000;N;00000;N;00000;N;00000;N;00000;N;00000;N;00000;N;00000;N;00000;N;00000;N;00000;N;00000;N;00000;N
28;079;40;7;28079040_7_8;2018;12;16;00003;V;00003;V;00002;V;00002;V;00002;V;00002;V;00002;V;00002;V;00002;V;00005;V;00007;V;00000;N;00000;N;00000;N;00000;N;00000;N;00000;N;00000;N;00000;N;00000;N;00000;N;00000;N;00000;N;00000;N
28;079;40;8;28079040_8_8;2018;12;16;00020;V;00016;V;00017;V;00016;V;00012;V;00010;V;00015;V;00016;V;00021;V;00023;V;00032;V;00000;N;00000;N;00000;N;00000;N;00000;N;00000;N;00000;N;00000;N;00000;N;00000;N;00000;N;00000;N;00000;N
28;079;40;10;28079040_10_47;2018;12;16;00007;V;00006;V;00010;V;00006;V;00007;V;00004;V;00007;V;00011;V;00011;V;00008;V;00010;V;00000;N;00000;N;00000;N;00000;N;00000;N;00000;N;00000;N;00000;N;00000;N;00000;N;00000;N;00000;N;00000;N
28;079;40;12;28079040_12_8;2018;12;16;00024;V;00020;V;00020;V;00019;V;00014;V;00013;V;00018;V;00019;V;00024;V;00031;V;00043;V;00000;N;00000;N;00000;N;00000;N;00000;N;00000;N;00000;N;00000;N;00000;N;00000;N;00000;N;00000;N;00000;N
28;079;47;7;28079047_7_8;2018;12;16;00001;V;00001;V;00001;V;00001;V;00001;V;00001;V;00001;V;00001;V;00001;V;00001;V;00001;V;00000;N;00000;N;00000;N;00000;N;00000;N;00000;N;00000;N;00000;N;00000;N;00000;N;00000;N;00000;N;00000;N
28;079;47;8;28079047_8_8;2018;12;16;00013;V;00013;V;00011;V;00012;V;00011;V;00010;V;00012;V;00014;V;00017;V;00023;V;00031;V;00000;N;00000;N;00000;N;00000;N;00000;N;00000;N;00000;N;00000;N;00000;N;00000;N;00000;N;00000;N;00000;N
28;079;47;9;28079047_9_47;2018;12;16;00004;V;00005;V;00007;V;00003;V;00006;V;00004;V;00005;V;00009;V;00006;V;00004;V;00007;V;00000;N;00000;N;00000;N;00000;N;00000;N;00000;N;00000;N;00000;N;00000;N;00000;N;00000;N;00000;N;00000;N
28;079;47;10;28079047_10_47;2018;12;16;00010;V;00012;V;00012;V;00007;V;00011;V;00009;V;00010;V;00014;V;00009;V;00007;V;00011;V;00000;N;00000;N;00000;N;00000;N;00000;N;00000;N;00000;N;00000;N;00000;N;00000;N;00000;N;00000;N;00000;N
28;079;47;12;28079047_12_8;2018;12;16;00015;V;00014;V;00012;V;00013;V;00012;V;00012;V;00013;V;00016;V;00019;V;00025;V;00032;V;00000;N;00000;N;00000;N;00000;N;00000;N;00000;N;00000;N;00000;N;00000;N;00000;N;00000;N;00000;N;00000;N
28;079;48;7;28079048_7_8;2018;12;16;00003;V;00002;V;00002;V;00002;V;00002;V;00001;V;00002;V;00002;V;00002;V;00004;V;00011;V;00000;N;00000;N;00000;N;00000;N;00000;N;00000;N;00000;N;00000;N;00000;N;00000;N;00000;N;00000;N;00000;N
28;079;48;8;28079048_8_8;2018;12;16;00035;V;00027;V;00023;V;00023;V;00023;V;00021;V;00019;V;00020;V;00028;V;00035;V;00046;V;00000;N;00000;N;00000;N;00000;N;00000;N;00000;N;00000;N;00000;N;00000;N;00000;N;00000;N;00000;N;00000;N
28;079;48;9;28079048_9_47;2018;12;16;00007;V;00007;V;00007;V;00004;V;00007;V;00005;V;00005;V;00008;V;00007;V;00006;V;00010;V;00000;N;00000;N;00000;N;00000;N;00000;N;00000;N;00000;N;00000;N;00000;N;00000;N;00000;N;00000;N;00000;N
28;079;48;10;28079048_10_47;2018;12;16;00012;V;00014;V;00013;V;00007;V;00010;V;00011;V;00010;V;00012;V;00009;V;00007;V;00012;V;00000;N;00000;N;00000;N;00000;N;00000;N;00000;N;00000;N;00000;N;00000;N;00000;N;00000;N;00000;N;00000;N
28;079;48;12;28079048_12_8;2018;12;16;00039;V;00030;V;00027;V;00025;V;00026;V;00023;V;00021;V;00023;V;00031;V;00041;V;00063;V;00000;N;00000;N;00000;N;00000;N;00000;N;00000;N;00000;N;00000;N;00000;N;00000;N;00000;N;00000;N;00000;N
28;079;49;7;28079049_7_8;2018;12;16;00001;V;00001;V;00001;V;00001;V;00001;V;00001;V;00001;V;00001;V;00001;V;00001;V;00001;V;00000;N;00000;N;00000;N;00000;N;00000;N;00000;N;00000;N;00000;N;00000;N;00000;N;00000;N;00000;N;00000;N
28;079;49;8;28079049_8_8;2018;12;16;00012;V;00012;V;00011;V;00011;V;00009;V;00010;V;00011;V;00013;V;00012;V;00019;V;00028;V;00000;N;00000;N;00000;N;00000;N;00000;N;00000;N;00000;N;00000;N;00000;N;00000;N;00000;N;00000;N;00000;N
28;079;49;12;28079049_12_8;2018;12;16;00014;V;00013;V;00013;V;00013;V;00011;V;00011;V;00012;V;00015;V;00013;V;00020;V;00029;V;00000;N;00000;N;00000;N;00000;N;00000;N;00000;N;00000;N;00000;N;00000;N;00000;N;00000;N;00000;N;00000;N
28;079;49;14;28079049_14_6;2018;12;16;42.50;V;44.44;V;39.71;V;35.25;V;37.47;V;35.94;V;36.17;V;34.76;V;34.05;V;24.86;V;19.16;V;00000;N;00000;N;00000;N;00000;N;00000;N;00000;N;00000;N;00000;N;00000;N;00000;N;00000;N;00000;N;00000;N
28;079;50;7;28079050_7_8;2018;12;16;00012;V;00014;V;00010;V;00007;V;00007;V;00005;V;00007;V;00006;V;00009;V;00010;V;00013;V;00000;N;00000;N;00000;N;00000;N;00000;N;00000;N;00000;N;00000;N;00000;N;00000;N;00000;N;00000;N;00000;N
28;079;50;8;28079050_8_8;2018;12;16;00031;V;00031;V;00027;V;00020;V;00020;V;00015;V;00015;V;00016;V;00024;V;00031;V;00042;V;00000;N;00000;N;00000;N;00000;N;00000;N;00000;N;00000;N;00000;N;00000;N;00000;N;00000;N;00000;N;00000;N
28;079;50;9;28079050_9_47;2018;12;16;00006;V;00008;V;00005;V;00003;V;00003;V;00003;V;00009;V;00007;V;00005;V;00003;V;00007;V;00000;N;00000;N;00000;N;00000;N;00000;N;00000;N;00000;N;00000;N;00000;N;00000;N;00000;N;00000;N;00000;N
28;079;50;10;28079050_10_47;2018;12;16;00014;V;00017;V;00013;V;00008;V;00007;V;00008;V;00014;V;00012;V;00008;V;00005;V;00009;V;00000;N;00000;N;00000;N;00000;N;00000;N;00000;N;00000;N;00000;N;00000;N;00000;N;00000;N;00000;N;00000;N
28;079;50;12;28079050_12_8;2018;12;16;00049;V;00053;V;00043;V;00031;V;00031;V;00023;V;00026;V;00026;V;00038;V;00046;V;00061;V;00000;N;00000;N;00000;N;00000;N;00000;N;00000;N;00000;N;00000;N;00000;N;00000;N;00000;N;00000;N;00000;N
28;079;54;7;28079054_7_8;2018;12;16;00001;V;00001;V;00001;V;00001;V;00001;V;00001;V;00001;V;00001;V;00001;V;00001;V;00001;V;00000;N;00000;N;00000;N;00000;N;00000;N;00000;N;00000;N;00000;N;00000;N;00000;N;00000;N;00000;N;00000;N
28;079;54;8;28079054_8_8;2018;12;16;00016;V;00014;V;00013;V;00013;V;00013;V;00010;V;00011;V;00014;V;00015;V;00019;V;00023;V;00000;N;00000;N;00000;N;00000;N;00000;N;00000;N;00000;N;00000;N;00000;N;00000;N;00000;N;00000;N;00000;N
28;079;54;12;28079054_12_8;2018;12;16;00018;V;00015;V;00015;V;00014;V;00015;V;00012;V;00013;V;00015;V;00016;V;00020;V;00025;V;00000;N;00000;N;00000;N;00000;N;00000;N;00000;N;00000;N;00000;N;00000;N;00000;N;00000;N;00000;N;00000;N
28;079;54;14;28079054_14_6;2018;12;16;46.37;V;47.36;V;46.73;V;45.43;V;45.58;V;48.29;V;46.65;V;42.76;V;39.62;V;37.53;V;32.60;V;00000;N;00000;N;00000;N;00000;N;00000;N;00000;N;00000;N;00000;N;00000;N;00000;N;00000;N;00000;N;00000;N
28;079;55;7;28079055_7_8;2018;12;16;00001;V;00001;V;00001;V;00001;V;00001;V;00001;V;00001;V;00001;V;00001;V;00001;V;00004;V;00000;N;00000;N;00000;N;00000;N;00000;N;00000;N;00000;N;00000;N;00000;N;00000;N;00000;N;00000;N;00000;N
28;079;55;8;28079055_8_8;2018;12;16;00028;V;00026;V;00019;V;00014;V;00016;V;00016;V;00025;V;00024;V;00035;V;00031;V;00037;V;00000;N;00000;N;00000;N;00000;N;00000;N;00000;N;00000;N;00000;N;00000;N;00000;N;00000;N;00000;N;00000;N
28;079;55;10;28079055_10_47;2018;12;16;00012;V;00014;V;00013;V;00012;V;00009;V;00009;V;00013;V;00014;V;00013;V;00010;V;00010;V;00000;N;00000;N;00000;N;00000;N;00000;N;00000;N;00000;N;00000;N;00000;N;00000;N;00000;N;00000;N;00000;N
28;079;55;12;28079055_12_8;2018;12;16;00030;V;00028;V;00020;V;00016;V;00018;V;00018;V;00026;V;00026;V;00037;V;00032;V;00043;V;00000;N;00000;N;00000;N;00000;N;00000;N;00000;N;00000;N;00000;N;00000;N;00000;N;00000;N;00000;N;00000;N
28;079;55;20;28079055_20_59;2018;12;16;000.4;V;000.3;V;000.3;V;000.3;V;000.2;V;000.2;V;000.2;V;000.3;V;000.3;V;000.3;V;000.3;V;00000;N;00000;N;00000;N;00000;N;00000;N;00000;N;00000;N;00000;N;00000;N;00000;N;00000;N;00000;N;00000;N
28;079;55;30;28079055_30_59;2018;12;16;000.1;V;000.1;V;000.1;V;000.1;V;000.1;V;000.1;V;000.1;V;000.1;V;000.1;V;000.1;V;000.1;V;00000;N;00000;N;00000;N;00000;N;00000;N;00000;N;00000;N;00000;N;00000;N;00000;N;00000;N;00000;N;00000;N
28;079;55;35;28079055_35_59;2018;12;16;000.1;V;000.1;V;000.1;V;000.1;V;000.1;V;000.1;V;000.1;V;000.1;V;000.1;V;000.1;V;000.1;V;00000;N;00000;N;00000;N;00000;N;00000;N;00000;N;00000;N;00000;N;00000;N;00000;N;00000;N;00000;N;00000;N
28;079;55;42;28079055_42_2;2018;12;16;01.37;V;01.37;V;01.36;V;01.37;V;01.36;V;01.37;V;01.36;V;01.44;V;01.42;V;01.42;V;01.94;V;00000;N;00000;N;00000;N;00000;N;00000;N;00000;N;00000;N;00000;N;00000;N;00000;N;00000;N;00000;N;00000;N
28;079;55;43;28079055_43_2;2018;12;16;01.31;V;01.31;V;01.31;V;01.31;V;01.30;V;01.32;V;01.31;V;01.37;V;01.36;V;01.37;V;01.89;V;00000;N;00000;N;00000;N;00000;N;00000;N;00000;N;00000;N;00000;N;00000;N;00000;N;00000;N;00000;N;00000;N
28;079;55;44;28079055_44_2;2018;12;16;00.07;V;00.06;V;00.05;V;00.06;V;00.06;V;00.06;V;00.06;V;00.06;V;00.06;V;00.05;V;00.05;V;00000;N;00000;N;00000;N;00000;N;00000;N;00000;N;00000;N;00000;N;00000;N;00000;N;00000;N;00000;N;00000;N
28;079;56;6;28079056_6_48;2018;12;16;000.2;V;000.2;V;000.2;V;000.2;V;000.2;V;000.2;V;000.2;V;000.2;V;000.2;V;000.2;V;000.3;V;00000;N;00000;N;00000;N;00000;N;00000;N;00000;N;00000;N;00000;N;00000;N;00000;N;00000;N;00000;N;00000;N
28;079;56;7;28079056_7_8;2018;12;16;00007;V;00004;V;00005;V;00006;V;00002;V;00003;V;00002;V;00003;V;00008;V;00025;V;00040;V;00000;N;00000;N;00000;N;00000;N;00000;N;00000;N;00000;N;00000;N;00000;N;00000;N;00000;N;00000;N;00000;N
28;079;56;8;28079056_8_8;2018;12;16;00018;V;00013;V;00016;V;00025;V;00014;V;00016;V;00012;V;00012;V;00024;V;00042;V;00054;V;00000;N;00000;N;00000;N;00000;N;00000;N;00000;N;00000;N;00000;N;00000;N;00000;N;00000;N;00000;N;00000;N
28;079;56;12;28079056_12_8;2018;12;16;00029;V;00019;V;00023;V;00034;V;00018;V;00021;V;00015;V;00016;V;00036;V;00080;V;00115;V;00000;N;00000;N;00000;N;00000;N;00000;N;00000;N;00000;N;00000;N;00000;N;00000;N;00000;N;00000;N;00000;N
28;079;56;14;28079056_14_6;2018;12;16;49.21;V;54.63;V;50.23;V;38.23;V;46.28;V;42.83;V;50.10;V;53.29;V;37.45;V;20.10;V;12.93;V;00000;N;00000;N;00000;N;00000;N;00000;N;00000;N;00000;N;00000;N;00000;N;00000;N;00000;N;00000;N;00000;N
28;079;57;1;28079057_1_38;2018;12;16;00016;V;00016;V;00014;V;00012;V;00013;V;00013;V;00013;V;00013;V;00013;V;00013;V;00013;V;00000;N;00000;N;00000;N;00000;N;00000;N;00000;N;00000;N;00000;N;00000;N;00000;N;00000;N;00000;N;00000;N
28;079;57;6;28079057_6_48;2018;12;16;000.2;V;000.2;V;000.2;V;000.2;V;000.2;V;000.2;V;000.2;V;000.2;V;000.2;V;000.2;V;000.3;V;00000;N;00000;N;00000;N;00000;N;00000;N;00000;N;00000;N;00000;N;00000;N;00000;N;00000;N;00000;N;00000;N
28;079;57;7;28079057_7_8;2018;12;16;00002;V;00001;V;00002;V;00001;V;00001;V;00001;V;00001;V;00001;V;00002;V;00003;V;00005;V;00000;N;00000;N;00000;N;00000;N;00000;N;00000;N;00000;N;00000;N;00000;N;00000;N;00000;N;00000;N;00000;N
28;079;57;8;28079057_8_8;2018;12;16;00018;V;00020;V;00019;V;00014;V;00013;V;00013;V;00012;V;00015;V;00018;V;00022;V;00032;V;00000;N;00000;N;00000;N;00000;N;00000;N;00000;N;00000;N;00000;N;00000;N;00000;N;00000;N;00000;N;00000;N
28;079;57;10;28079057_10_47;2018;12;16;00001;V;00004;V;00012;V;00004;V;00003;V;00003;V;00005;V;00004;V;00005;V;00007;V;00004;V;00000;N;00000;N;00000;N;00000;N;00000;N;00000;N;00000;N;00000;N;00000;N;00000;N;00000;N;00000;N;00000;N
28;079;57;12;28079057_12_8;2018;12;16;00021;V;00022;V;00021;V;00016;V;00015;V;00014;V;00013;V;00017;V;00021;V;00026;V;00040;V;00000;N;00000;N;00000;N;00000;N;00000;N;00000;N;00000;N;00000;N;00000;N;00000;N;00000;N;00000;N;00000;N
28;079;58;7;28079058_7_8;2018;12;16;00001;V;00001;V;00001;V;00001;V;00001;V;00001;V;00001;V;00001;V;00001;V;00002;V;00002;V;00000;N;00000;N;00000;N;00000;N;00000;N;00000;N;00000;N;00000;N;00000;N;00000;N;00000;N;00000;N;00000;N
28;079;58;8;28079058_8_8;2018;12;16;00005;V;00006;V;00008;V;00007;V;00004;V;00002;V;00002;V;00003;V;00004;V;00007;V;00007;V;00000;N;00000;N;00000;N;00000;N;00000;N;00000;N;00000;N;00000;N;00000;N;00000;N;00000;N;00000;N;00000;N
28;079;58;12;28079058_12_8;2018;12;16;00007;V;00007;V;00010;V;00009;V;00005;V;00003;V;00004;V;00004;V;00006;V;00010;V;00009;V;00000;N;00000;N;00000;N;00000;N;00000;N;00000;N;00000;N;00000;N;00000;N;00000;N;00000;N;00000;N;00000;N
28;079;58;14;28079058_14_6;2018;12;16;58.16;V;58.71;V;50.37;V;46.77;V;53.65;V;57.26;V;58.78;V;57.51;V;53.63;V;49.68;V;50.09;V;00000;N;00000;N;00000;N;00000;N;00000;N;00000;N;00000;N;00000;N;00000;N;00000;N;00000;N;00000;N;00000;N
28;079;59;7;28079059_7_8;2018;12;16;00001;V;00001;V;00001;V;00001;V;00001;V;00001;V;00001;V;00001;V;00001;V;00001;V;00002;V;00000;N;00000;N;00000;N;00000;N;00000;N;00000;N;00000;N;00000;N;00000;N;00000;N;00000;N;00000;N;00000;N
28;079;59;8;28079059_8_8;2018;12;16;00013;V;00013;V;00010;V;00008;V;00007;V;00007;V;00010;V;00014;V;00015;V;00014;V;00018;V;00000;N;00000;N;00000;N;00000;N;00000;N;00000;N;00000;N;00000;N;00000;N;00000;N;00000;N;00000;N;00000;N
28;079;59;12;28079059_12_8;2018;12;16;00014;V;00014;V;00012;V;00009;V;00008;V;00008;V;00011;V;00015;V;00016;V;00015;V;00020;V;00000;N;00000;N;00000;N;00000;N;00000;N;00000;N;00000;N;00000;N;00000;N;00000;N;00000;N;00000;N;00000;N
28;079;59;14;28079059_14_6;2018;12;16;47.13;V;44.04;V;44.77;V;43.95;V;44.01;V;43.28;V;40.33;V;38.19;V;36.86;V;34.73;V;30.46;V;00000;N;00000;N;00000;N;00000;N;00000;N;00000;N;00000;N;00000;N;00000;N;00000;N;00000;N;00000;N;00000;N
28;079;60;7;28079060_7_8;2018;12;16;00003;V;00003;V;00003;V;00003;V;00003;V;00003;V;00003;V;00004;V;00004;V;00004;V;00004;V;00000;N;00000;N;00000;N;00000;N;00000;N;00000;N;00000;N;00000;N;00000;N;00000;N;00000;N;00000;N;00000;N
28;079;60;8;28079060_8_8;2018;12;16;00004;V;00002;V;00001;V;00001;V;00001;V;00001;V;00001;V;00001;V;00001;V;00005;V;00010;V;00000;N;00000;N;00000;N;00000;N;00000;N;00000;N;00000;N;00000;N;00000;N;00000;N;00000;N;00000;N;00000;N
28;079;60;10;28079060_10_47;2018;12;16;00001;V;00003;V;00007;V;00002;V;00003;V;00002;V;00003;V;00004;V;00003;V;00004;V;00004;V;00000;N;00000;N;00000;N;00000;N;00000;N;00000;N;00000;N;00000;N;00000;N;00000;N;00000;N;00000;N;00000;N
28;079;60;12;28079060_12_8;2018;12;16;00009;V;00007;V;00006;V;00006;V;00006;V;00006;V;00006;V;00007;V;00007;V;00011;V;00016;V;00000;N;00000;N;00000;N;00000;N;00000;N;00000;N;00000;N;00000;N;00000;N;00000;N;00000;N;00000;N;00000;N
28;079;60;14;28079060_14_6;2018;12;16;54.64;V;56.80;V;55.98;V;55.65;V;54.81;V;55.50;V;57.53;V;57.32;V;54.83;V;49.21;V;44.27;V;00000;N;00000;N;00000;N;00000;N;00000;N;00000;N;00000;N;00000;N;00000;N;00000;N;00000;N;00000;N;00000;N
